id,vin,stock_number,make,model,trim,model_year,body_style,exterior_color,interior_color,engine,transmission,drivetrain,fuel_type,mileage,mpg_city,mpg_highway,electric_range_miles,condition,title_status,accident_count,owner_count,carfax_url,msrp,acquisition_cost,list_price,sale_price,date_acquired,date_sold,status,lot_location,state,days_in_inventory,salesperson_name,salesperson_email,certified_pre_owned_program,warranty_months_remaining,keys_count,financing_available,trade_in_accepted,featured,views_count,exterior_condition_notes,interior_condition_notes,features,description
1,MMJBSE7CKX6MGCY29,STK20260001,Chevrolet,Silverado 1500,SL,2022,truck,Gray,Black,3.5L V6,8-Speed Automatic,FWD,gas,53255,24,30,,used,clean,0,1,https://www.carfax.com/vehicle/NR4FMZ0ZCXUJSJ7ZH,29900,8200,10800,,2026-02-05,,available,North Lot,CA,184,Aisha Bello,abello@dealership.com,,3,2,True,True,False,70,Windshield chip (non-obstructive),Light wear on driver seat,Blind Spot Monitor; Remote Start; Heated Seats; Leather Seats,"2022 Chevrolet Silverado 1500 SL - truck in gray, well-maintained with 53,255 miles."
2,U95A0ZUJYDRR85JTF,STK20260002,Volvo,S60,Platinum,2021,sedan,Black,Off-White,2.5L I4,10-Speed Automatic,RWD,gas,63945,27,39,,used,clean,0,4,https://www.carfax.com/vehicle/KYXF2U2UALA754LB5,61400,17600,22500,,2026-03-11,,available,Main Lot - A,TX,150,,,,0,2,True,False,False,134,Minor door ding rear passenger side,,Ventilated Seats; Leather Seats; Tow Package; 360 Camera,"2021 Volvo S60 Platinum - sedan in yellow, well-maintained with 63,945 miles."
3,KTU06WJSPDYMP5BYY,STK20260003,GMC,Terrain,GT,2022,suv,White,Tan,2.5L I4 Hybrid,CVT,4WD,hybrid,56968,26,34,,used,clean,0,1,https://www.carfax.com/vehicle/13DGUEGS5C35DYUAD,69800,20400,24600,,2026-07-08,,available,Main Lot - B,NY,31,Tom O'Malley,tomalley@dealership.com,,0,2,False,True,False,413,,,Sunroof; Remote Start; Leather Seats,"2022 GMC Terrain GT - suv in white, well-maintained with 56,968 miles."
4,ZHD6JWXPWU7G0HPZK,STK20260004,BMW,X5,GT,2026,suv,Blue,Black,Dual Motor Electric,1-Speed Direct Drive,4WD,electric,500,,,228,used,clean,0,3,https://www.carfax.com/vehicle/AXVDUTEMCJKRUK93U,72000,60800,75600,,2026-04-05,,pending,Overflow Lot,IL,125,Maria Gonzalez,mgonzalez@dealership.com,,0,1,True,True,True,112,,,Lane Keep Assist; Android Auto; Sunroof; Heated Steering Wheel; Leather Seats; Ventilated Seats; Keyless Entry; 360 Camera; Adaptive Cruise Control,"2026 BMW X5 GT - suv in matte gray, well-maintained with 500 miles."
5,6356GJD26PXF75936,STK20260005,Dodge,Charger,Trail,2022,sedan,White,Beige,3.5L V6,CVT,FWD,gas,44638,22,32,,used,clean,2,1,https://www.carfax.com/vehicle/1L7353J2D55H3SL3H,32300,9100,11100,,2026-01-22,,available,Main Lot - A,FL,198,,,,0,2,True,True,False,794,,,Apple CarPlay; 360 Camera; Sunroof; Premium Audio; Heated Steering Wheel; Blind Spot Monitor; Leather Seats; Backup Camera,"2022 Dodge Charger Trail - sedan in red, well-maintained with 44,638 miles."
6,XYE6TZL0VGYN1FVP4,STK20260006,Nissan,Pathfinder,Sport,2020,suv,Red,Gray,2.0L I4 PHEV,CVT,RWD,plug-in hybrid,77091,32,42,,used,clean,0,2,https://www.carfax.com/vehicle/G2XLRZT381YKYXD8H,33600,10400,11300,,2026-05-11,,available,North Lot,FL,89,James Whitfield,jwhitfield@dealership.com,,0,2,True,True,True,489,Light wear on wheel rims,,Ventilated Seats; Backup Camera; Lane Keep Assist; Blind Spot Monitor; Premium Audio; 360 Camera; Sunroof; Remote Start,"2020 Nissan Pathfinder Sport - suv in orange, well-maintained with 77,091 miles."
7,JJY2UXKCKJLUEHZ0C,STK20260007,Ford,Mustang,Premium,2020,coupe,Dark Green,Gray,3.0L I6 Turbo,8-Speed Automatic,FWD,gas,71222,25,37,,used,clean,0,2,https://www.carfax.com/vehicle/UPGP6WZ52NAM158P1,56100,15300,20700,,2026-04-11,,pending,Overflow Lot,FL,119,,,,6,2,True,True,False,32,Windshield chip (non-obstructive),Small stain on rear seat,Lane Keep Assist; Ventilated Seats; 360 Camera; Panoramic Roof; Android Auto; Premium Audio; Wireless Charging,"2020 Ford Mustang Premium - coupe in dark green, well-maintained with 71,222 miles."
8,2Y18GAFEZVH02FX1D,STK20260008,Kia,Telluride,SEL,2024,suv,Silver,Gray,3.5L V6,9-Speed Automatic,FWD,gas,16364,21,27,,certified_pre_owned,clean,0,1,https://www.carfax.com/vehicle/DALZ8P0CZXD25WD92,23000,12700,16800,,2026-06-02,,available,North Lot,CO,67,Lena Kowalski,lkowalski@dealership.com,Kia Certified,24,2,True,False,False,15,,Small stain on rear seat,360 Camera; Sunroof; Premium Audio,"2024 Kia Telluride SEL - suv in dark green, well-maintained with 16,364 miles."
9,G3M60KA8C0T2ZYT3D,STK20260009,GMC,Sierra 1500,Trail,2020,truck,Gray,Tan,2.0L I4 Turbo,6-Speed Manual,RWD,gas,68140,20,32,,used,clean,1,1,https://www.carfax.com/vehicle/ZLWSUR1L0JJDGDU2G,59900,18400,20700,20700,2026-03-23,2026-04-11,sold,Main Lot - B,GA,19,Tom O'Malley,tomalley@dealership.com,,3,2,True,True,False,306,Small scratch on bumper,Small stain on rear seat,Heated Steering Wheel; Tow Package; Remote Start; Backup Camera; Keyless Entry; Ventilated Seats; Android Auto,"2020 GMC Sierra 1500 Trail - truck in gray, well-maintained with 68,140 miles."
10,X3HURR59LXX18GGYF,STK20260010,Nissan,Rogue,SL,2022,suv,Silver,Brown,2.0L I4 Turbo,6-Speed Manual,FWD,gas,46353,30,41,,used,salvage,0,3,https://www.carfax.com/vehicle/CARWKH00RZ72XY7RU,39500,11400,14000,,2026-06-21,,available,Main Lot - B,IL,48,James Whitfield,jwhitfield@dealership.com,,3,2,True,True,False,317,,,Sunroof; Apple CarPlay; Wireless Charging; Adaptive Cruise Control; Leather Seats; Heated Seats; Heated Steering Wheel; Navigation System,"2022 Nissan Rogue SL - suv in orange, well-maintained with 46,353 miles."
11,LZ5LZK83VSLL9PT9Y,STK20260011,Volvo,XC90,Denali,2019,suv,Burgundy,Tan,2.5L I4,9-Speed Automatic,4WD,gas,94697,23,34,,used,clean,0,3,https://www.carfax.com/vehicle/PGM1X2GV7R0E9XHFV,53400,15500,19900,,2026-03-06,,pending,Overflow Lot,CO,155,Maria Gonzalez,mgonzalez@dealership.com,,0,1,True,True,False,123,Minor door ding rear passenger side,Small stain on rear seat,Panoramic Roof; Navigation System; Android Auto; Ventilated Seats; Keyless Entry; Sunroof; Third Row Seating,"2019 Volvo XC90 Denali - suv in yellow, well-maintained with 94,697 miles."
12,59HN5PLS7N93YF8E8,STK20260012,Tesla,Model X,XLE,2022,suv,Blue,Black,Single Motor Electric,1-Speed Direct Drive,4WD,electric,53687,,,261,used,clean,1,1,https://www.carfax.com/vehicle/5RUS0PYFS8MZY555N,48700,14100,17800,,2026-07-21,,available,North Lot,GA,18,Aisha Bello,abello@dealership.com,,0,3,True,False,True,649,,,360 Camera; Keyless Entry; Premium Audio; Remote Start; Tow Package; Third Row Seating,"2022 Tesla Model X XLE - suv in yellow, well-maintained with 53,687 miles."
13,7ESJJA36ZFRMWYRJ4,STK20260013,Hyundai,Tucson,LE,2025,suv,Gray,Tan,Tri Motor Electric,1-Speed Direct Drive,FWD,electric,2344,,,283,used,clean,0,1,https://www.carfax.com/vehicle/5DNMK0A4PA5297146,30900,22300,28400,,2026-01-16,,available,Main Lot - B,WA,204,Tom O'Malley,tomalley@dealership.com,,0,2,True,False,False,776,Minor door ding rear passenger side,,Heated Steering Wheel; Tow Package; Third Row Seating,"2025 Hyundai Tucson LE - suv in matte gray, well-maintained with 2,344 miles."
14,ZZP4VCPJEN1JNYNZS,STK20260014,Tesla,Model 3,Base,2026,sedan,Orange,Brown,Tri Motor Electric,1-Speed Direct Drive,RWD,electric,12,,,330,new,clean,0,0,,43600,38000,44400,,2026-07-05,,available,North Lot,FL,34,Derek Chan,dchan@dealership.com,,60,1,False,False,False,421,,,Keyless Entry; Adaptive Cruise Control; Remote Start; Heated Seats; Panoramic Roof; Sunroof; Leather Seats; Tow Package; Lane Keep Assist,"2026 Tesla Model 3 Base - sedan in black, brand new with 12 miles."
15,M9N6YBK884DGY9BM9,STK20260015,Tesla,Model 3,LE,2026,sedan,Orange,Beige,Tri Motor Electric,1-Speed Direct Drive,RWD,electric,12,,,329,new,clean,0,0,,58800,51500,60400,,2026-03-22,,pending,Main Lot - A,FL,139,Lena Kowalski,lkowalski@dealership.com,,36,3,True,True,False,154,,,Keyless Entry; Ventilated Seats; Navigation System; Sunroof; Premium Audio; Heated Seats; Third Row Seating; Wireless Charging; Panoramic Roof,"2026 Tesla Model 3 LE - sedan in orange, brand new with 12 miles."
16,YKYB94RD0R6LEEXW0,STK20260016,Toyota,RAV4,Limited,2024,suv,Dark Green,Brown,Single Motor Electric,1-Speed Direct Drive,FWD,electric,43403,,,330,certified_pre_owned,clean,0,2,https://www.carfax.com/vehicle/URWD05Y20HRHMRPDR,26800,12700,16800,,2026-08-03,,available,North Lot,WA,5,James Whitfield,jwhitfield@dealership.com,Toyota Certified,24,2,False,True,True,90,Windshield chip (non-obstructive),,Heated Seats; Panoramic Roof; Lane Keep Assist; Third Row Seating; Sunroof; Premium Audio; Tow Package,"2024 Toyota RAV4 Limited - suv in black, well-maintained with 43,403 miles."
17,K27MFEYC19DUNRFLL,STK20260017,Mazda,Mazda3,Sport,2021,sedan,Orange,Brown,2.0L I4 Hybrid,CVT,4WD,hybrid,55602,18,25,,used,clean,0,1,https://www.carfax.com/vehicle/CBFXZJYTRK1DRKZTZ,36000,10600,13600,,2026-05-09,,available,Main Lot - A,FL,91,,,,0,2,True,True,False,971,Windshield chip (non-obstructive),,Navigation System; Wireless Charging; Third Row Seating; Ventilated Seats; Backup Camera; Adaptive Cruise Control; Remote Start; Premium Audio; Apple CarPlay,"2021 Mazda Mazda3 Sport - sedan in gray, well-maintained with 55,602 miles."
18,3X47C4JWUPLMLFTDT,STK20260018,Tesla,Model S,Denali,2022,sedan,Blue,Gray,Single Motor Electric,1-Speed Direct Drive,4WD,electric,45344,,,241,used,clean,1,1,https://www.carfax.com/vehicle/143HEGW2YF2T12R7V,66200,18100,23700,,2026-05-09,,pending,Overflow Lot,WA,91,Maria Gonzalez,mgonzalez@dealership.com,,0,2,True,True,True,455,,,Ventilated Seats; Adaptive Cruise Control; Heated Seats; Tow Package; Backup Camera; Android Auto,"2022 Tesla Model S Denali - sedan in yellow, well-maintained with 45,344 miles."
19,9CYB09UXN7N2ZBXML,STK20260019,Hyundai,Santa Fe,Limited,2026,suv,Burgundy,Off-White,1.5L I4 Turbo,8-Speed Automatic,AWD,gas,0,30,40,,new,clean,0,0,,38600,33000,39500,38800,2026-03-03,2026-05-02,sold,Downtown Annex,IL,60,,,,36,2,True,True,True,682,,,Blind Spot Monitor; Remote Start; Keyless Entry; Lane Keep Assist; Apple CarPlay; Backup Camera; Third Row Seating; Sunroof,"2026 Hyundai Santa Fe Limited - suv in silver, brand new with 0 miles."
20,WFFZX60BN08X12HH8,STK20260020,Nissan,Sentra,Platinum,2020,sedan,Beige,Beige,Single Motor Electric,1-Speed Direct Drive,FWD,electric,76409,,,236,used,rebuilt,0,2,https://www.carfax.com/vehicle/N89SKNU833EJY5VD4,34900,9800,12200,,2026-06-22,,available,Main Lot - A,IL,47,Tom O'Malley,tomalley@dealership.com,,0,1,True,True,False,528,,Light wear on driver seat,Heated Seats; Lane Keep Assist; 360 Camera; Wireless Charging; Sunroof; Remote Start; Android Auto; Tow Package; Adaptive Cruise Control,"2020 Nissan Sentra Platinum - sedan in silver, well-maintained with 76,409 miles."
21,V0UDKKBP3SD6WAUHE,STK20260021,Mazda,Mazda3,Base,2023,sedan,Dark Green,Black,3.5L V6,9-Speed Automatic,AWD,gas,30910,31,38,,certified_pre_owned,clean,0,2,https://www.carfax.com/vehicle/XHPYC9CUT9VNSX9JA,26500,11800,13400,,2026-07-13,,available,Main Lot - A,WA,26,Priya Nair,pnair@dealership.com,Mazda Certified,24,2,True,False,False,343,Minor door ding rear passenger side,,Panoramic Roof; Backup Camera; Leather Seats; Wireless Charging; Navigation System; Heated Seats,"2023 Mazda Mazda3 Base - sedan in silver, well-maintained with 30,910 miles."
22,5LEN616N9TT7U30CW,STK20260022,Honda,CR-V,GT,2021,suv,Silver,Brown,1.8L I4 Hybrid,6-Speed Manual,RWD,hybrid,62597,31,36,,used,clean,1,3,https://www.carfax.com/vehicle/KDLKR0FRR07XRY3BZ,38400,10200,14100,,2026-05-24,,available,Downtown Annex,WA,76,Derek Chan,dchan@dealership.com,,3,3,True,True,False,625,,Light wear on driver seat,Blind Spot Monitor; Adaptive Cruise Control; Premium Audio,"2021 Honda CR-V GT - suv in yellow, well-maintained with 62,597 miles."
23,Z9GECF09389Z0VKKF,STK20260023,Volkswagen,Jetta,Premium,2024,sedan,Matte Gray,Off-White,2.0L I4 PHEV,9-Speed Automatic,RWD,plug-in hybrid,24680,21,30,,used,clean,0,1,https://www.carfax.com/vehicle/Y3TEGE3AVN3VXCL90,37600,21600,24700,,2026-03-14,,pending,Overflow Lot,CO,147,Aisha Bello,abello@dealership.com,,0,2,True,True,False,660,Minor door ding rear passenger side,Small stain on rear seat,Tow Package; 360 Camera; Heated Seats; Navigation System; Lane Keep Assist; Premium Audio; Third Row Seating,"2024 Volkswagen Jetta Premium - sedan in black, well-maintained with 24,680 miles."
24,Y0W4V4ABYWY2PYTXK,STK20260024,Volkswagen,Passat,SL,2021,sedan,Red,Tan,2.5L I4 Hybrid,10-Speed Automatic,4WD,hybrid,56240,20,27,,used,clean,0,2,https://www.carfax.com/vehicle/J3PRZFPSME5L9MP2T,34100,10300,12600,,2026-05-22,,available,Main Lot - A,WA,78,Derek Chan,dchan@dealership.com,,0,2,False,True,False,256,Small scratch on bumper,,Navigation System; Apple CarPlay; Adaptive Cruise Control; Leather Seats; Android Auto; 360 Camera; Panoramic Roof,"2021 Volkswagen Passat SL - sedan in silver, well-maintained with 56,240 miles."
25,4R612NPVGVCT2K9ZD,STK20260025,Chevrolet,Silverado 1500,XLE,2022,truck,Black,Tan,2.0L I4 PHEV,CVT,AWD,plug-in hybrid,35402,22,27,,certified_pre_owned,clean,0,1,https://www.carfax.com/vehicle/N9VNEWPBB03UE6E7L,34000,9500,13300,,2026-05-21,,available,Downtown Annex,IL,79,,,GM Certified,12,3,True,False,False,548,Windshield chip (non-obstructive),,Adaptive Cruise Control; Keyless Entry; Wireless Charging,"2022 Chevrolet Silverado 1500 XLE - truck in beige, well-maintained with 35,402 miles."
26,P2751CEGLYULF7MM2,STK20260026,Volvo,XC90,SEL,2019,suv,Matte Gray,Off-White,3.0L I6 Turbo,8-Speed Automatic,4WD,gas,78849,29,37,,used,clean,0,1,https://www.carfax.com/vehicle/YZXGJVH9KKG0LM73K,48900,14300,18400,,2026-06-10,,available,Main Lot - A,CO,59,Lena Kowalski,lkowalski@dealership.com,,0,2,True,True,False,297,,,Heated Seats; Blind Spot Monitor; Backup Camera; Panoramic Roof; Remote Start; Wireless Charging; Leather Seats; Lane Keep Assist,"2019 Volvo XC90 SEL - suv in matte gray, well-maintained with 78,849 miles."
27,LY6CVU077F6F79PT7,STK20260027,Ford,Explorer,XLE,2019,suv,Red,Black,5.0L V8,CVT,AWD,gas,74075,21,30,,used,rebuilt,0,1,https://www.carfax.com/vehicle/AVD9K9UT75SGDFSJG,30500,8900,11000,,2026-02-17,,available,North Lot,IL,172,James Whitfield,jwhitfield@dealership.com,,3,3,True,True,False,657,,,Apple CarPlay; Backup Camera; 360 Camera; Android Auto; Ventilated Seats; Remote Start; Third Row Seating; Keyless Entry; Panoramic Roof,"2019 Ford Explorer XLE - suv in dark green, well-maintained with 74,075 miles."
28,NH8SS9N071342ZW2U,STK20260028,Mazda,CX-9,Touring,2025,suv,Burgundy,Off-White,2.0L I4 Turbo,8-Speed Automatic,AWD,gas,21341,28,37,,used,clean,0,2,https://www.carfax.com/vehicle/M7D46GUF5RZ0T6RBE,28800,18600,22600,,2026-03-11,,available,Downtown Annex,GA,150,Tom O'Malley,tomalley@dealership.com,,0,3,True,False,False,829,,Light wear on driver seat,Tow Package; Lane Keep Assist; Adaptive Cruise Control; Heated Seats,"2025 Mazda CX-9 Touring - suv in red, well-maintained with 21,341 miles."
29,9NE9419S0PNHSFG52,STK20260029,Toyota,Highlander,SEL,2022,suv,White,Off-White,3.5L V6,CVT,FWD,gas,54381,19,26,,used,clean,0,2,https://www.carfax.com/vehicle/P26AGDBW0B1PHH5BT,35400,9400,13200,,2026-04-09,,in_transit,North Lot,FL,121,Lena Kowalski,lkowalski@dealership.com,,3,3,True,False,False,691,,Small stain on rear seat,360 Camera; Apple CarPlay; Premium Audio,"2022 Toyota Highlander SEL - suv in blue, well-maintained with 54,381 miles."
30,V8VEJGY74D0GJZW5G,STK20260030,Jeep,Cherokee,XLE,2024,suv,Orange,Off-White,2.5L I4,8-Speed Automatic,RWD,gas,42160,32,37,,certified_pre_owned,clean,1,1,https://www.carfax.com/vehicle/ZHG6L6GG1117Z0PHL,44500,21500,27100,,2026-02-24,,in_transit,North Lot,CO,165,Lena Kowalski,lkowalski@dealership.com,Jeep Certified,12,2,True,True,False,528,,,360 Camera; Keyless Entry; Third Row Seating; Heated Steering Wheel; Adaptive Cruise Control; Ventilated Seats; Premium Audio; Leather Seats; Lane Keep Assist,"2024 Jeep Cherokee XLE - suv in beige, well-maintained with 42,160 miles."
31,7UYBB48Z2P4H0ATNX,STK20260031,Volkswagen,Jetta,Base,2019,sedan,Yellow,Brown,2.0L I4 Turbo,10-Speed Automatic,FWD,gas,85005,25,32,,used,clean,0,2,https://www.carfax.com/vehicle/7YAUPA0UKT0R8F7UH,29200,8900,10500,,2026-06-29,,available,Overflow Lot,IL,40,Tom O'Malley,tomalley@dealership.com,,0,2,True,True,True,418,Light wear on wheel rims,Small stain on rear seat,Keyless Entry; Panoramic Roof; Android Auto; Premium Audio; 360 Camera; Leather Seats; Lane Keep Assist; Navigation System,"2019 Volkswagen Jetta Base - sedan in beige, well-maintained with 85,005 miles."
32,B7L8W10PCFH4N6L1E,STK20260032,Volvo,XC60,Trail,2023,suv,Matte Gray,Off-White,Tri Motor Electric,1-Speed Direct Drive,FWD,electric,39316,,,304,used,clean,0,2,https://www.carfax.com/vehicle/C1MDHCWXW8LX2RHVN,44400,17000,21800,,2026-08-05,,available,Main Lot - B,CO,3,Derek Chan,dchan@dealership.com,,0,1,True,True,False,87,Small scratch on bumper,,Wireless Charging; Keyless Entry; Navigation System; Sunroof; Leather Seats; Remote Start; Apple CarPlay; 360 Camera; Adaptive Cruise Control,"2023 Volvo XC60 Trail - suv in red, well-maintained with 39,316 miles."
33,C669VFNEKTCRPSCJJ,STK20260033,Tesla,Model X,Base,2024,suv,Yellow,Tan,Dual Motor Electric,1-Speed Direct Drive,AWD,electric,23227,,,319,used,clean,0,1,https://www.carfax.com/vehicle/WGDL8LX3LM359EL8G,77800,39300,49500,,2026-03-18,,available,North Lot,NY,143,Derek Chan,dchan@dealership.com,,6,2,True,True,False,651,Windshield chip (non-obstructive),Small stain on rear seat,Adaptive Cruise Control; Ventilated Seats; Tow Package,"2024 Tesla Model X Base - suv in beige, well-maintained with 23,227 miles."
34,9SPT7ZU3M6UYC2YMY,STK20260034,Volvo,XC60,Premium,2021,suv,White,Brown,5.0L V8,10-Speed Automatic,RWD,gas,61734,19,31,,used,clean,1,2,https://www.carfax.com/vehicle/9ZP18RAJTUWVRN2WT,59700,17200,22400,,2026-02-07,,available,North Lot,CA,182,James Whitfield,jwhitfield@dealership.com,,3,2,True,True,False,90,Minor door ding rear passenger side,,Third Row Seating; Navigation System; Apple CarPlay; Ventilated Seats; Tow Package,"2021 Volvo XC60 Premium - suv in black, well-maintained with 61,734 miles."
35,RAXGWN0G13CD5GLSJ,STK20260035,Tesla,Model S,LE,2022,sedan,Beige,Brown,Tri Motor Electric,1-Speed Direct Drive,4WD,electric,44330,,,304,used,clean,0,2,https://www.carfax.com/vehicle/8LNNDMSFZ37WZLHDN,55300,15300,20500,,2026-01-02,,available,Main Lot - B,CO,218,Tom O'Malley,tomalley@dealership.com,,0,2,True,False,False,193,Windshield chip (non-obstructive),,Panoramic Roof; Third Row Seating; Tow Package; Android Auto; Lane Keep Assist; Remote Start,"2022 Tesla Model S LE - sedan in beige, well-maintained with 44,330 miles."
36,HK2V2TTVJU9U12RHR,STK20260036,Dodge,Challenger,Touring,2024,coupe,Matte Gray,Off-White,2.0L I4 Turbo,CVT,4WD,gas,23510,18,27,,used,clean,2,1,https://www.carfax.com/vehicle/1K9RM3R92H3WM0XFE,45500,26000,32300,,2026-06-19,,available,Main Lot - B,FL,50,,,,3,1,True,False,False,554,,,Panoramic Roof; Keyless Entry; Android Auto; Leather Seats; Backup Camera; Tow Package; Heated Steering Wheel; Heated Seats; Apple CarPlay,"2024 Dodge Challenger Touring - coupe in silver, well-maintained with 23,510 miles."
37,K7N8LA211SYMCUHRG,STK20260037,Kia,Sorento,Platinum,2022,suv,Red,Gray,Single Motor Electric,1-Speed Direct Drive,4WD,electric,41712,,,315,certified_pre_owned,clean,1,2,https://www.carfax.com/vehicle/4MWVTMZBD2SE5RA8G,43100,13300,16000,,2026-07-05,,available,Main Lot - B,IL,34,Lena Kowalski,lkowalski@dealership.com,Kia Certified,12,2,True,True,False,259,Light wear on wheel rims,,Tow Package; Panoramic Roof; Leather Seats; 360 Camera; Heated Steering Wheel; Navigation System,"2022 Kia Sorento Platinum - suv in black, well-maintained with 41,712 miles."
38,DNKN35YZCVXFMH17X,STK20260038,Nissan,Rogue,Denali,2026,suv,Beige,Beige,2.5L I4 Hybrid,6-Speed Manual,FWD,hybrid,8,30,36,,new,clean,0,0,,36100,30700,36200,,2026-06-11,,available,Main Lot - A,TX,58,,,,36,2,True,False,False,362,,,Heated Seats; Ventilated Seats; Apple CarPlay; Keyless Entry; Leather Seats; Heated Steering Wheel; Blind Spot Monitor; Sunroof; Premium Audio,"2026 Nissan Rogue Denali - suv in dark green, brand new with 8 miles."
39,NZ282ACJBB3TXTP0C,STK20260039,Kia,Sportage,SEL,2023,suv,Burgundy,Brown,2.0L I4 Hybrid,8-Speed Automatic,AWD,hybrid,40383,31,42,,used,clean,1,3,https://www.carfax.com/vehicle/XKLTG3UNX4ZC014BC,25900,10200,12000,,2026-02-23,,available,Downtown Annex,TX,166,,,,0,2,True,True,False,676,,,Leather Seats; Lane Keep Assist; Backup Camera; Premium Audio; Remote Start; Heated Steering Wheel; Blind Spot Monitor,"2023 Kia Sportage SEL - suv in matte gray, well-maintained with 40,383 miles."
40,26ZD1A5ABN7F8B30Y,STK20260040,BMW,3 Series,SE,2026,sedan,Gray,Gray,2.5L I4,9-Speed Automatic,AWD,gas,2564,20,29,,used,clean,0,2,https://www.carfax.com/vehicle/J7L4VDZBHUBP552LC,49200,37400,51300,,2026-07-08,,available,Downtown Annex,CA,31,Aisha Bello,abello@dealership.com,,6,2,True,True,False,314,,Small stain on rear seat,Lane Keep Assist; Premium Audio; Sunroof; Keyless Entry; Android Auto; Heated Steering Wheel,"2026 BMW 3 Series SE - sedan in matte gray, well-maintained with 2,564 miles."
41,0N9CDE4CVR8HJL301,STK20260041,Porsche,Cayenne,Denali,2019,suv,Blue,Tan,3.0L V6 Turbodiesel,10-Speed Automatic,FWD,diesel,20807,21,32,,certified_pre_owned,clean,2,1,https://www.carfax.com/vehicle/JCG2WFFSPU8GLJDFZ,125800,33100,44900,,2026-02-11,,available,Overflow Lot,CA,178,Lena Kowalski,lkowalski@dealership.com,Porsche Certified,12,2,True,True,True,257,Small scratch on bumper,Small stain on rear seat,Sunroof; Apple CarPlay; Navigation System; Leather Seats; Heated Steering Wheel; Panoramic Roof,"2019 Porsche Cayenne Denali - suv in blue, well-maintained with 20,807 miles."
42,E64LBSFV4PAZFHGK6,STK20260042,Audi,A4,Premium,2022,sedan,White,Brown,Tri Motor Electric,1-Speed Direct Drive,RWD,electric,10036,,,323,certified_pre_owned,clean,3,1,https://www.carfax.com/vehicle/XJKPVCKEG6UX3392M,43800,15000,20600,,2026-07-23,,available,Overflow Lot,GA,16,Lena Kowalski,lkowalski@dealership.com,Audi Certified,36,2,True,True,False,29,Light wear on wheel rims,,Leather Seats; Blind Spot Monitor; Panoramic Roof,"2022 Audi A4 Premium - sedan in blue, well-maintained with 10,036 miles."
43,UFBBWASLX3MF35BE0,STK20260043,Porsche,Cayenne,GT,2026,suv,Silver,Black,2.5L I4 PHEV,9-Speed Automatic,RWD,plug-in hybrid,11839,31,43,,certified_pre_owned,clean,1,2,https://www.carfax.com/vehicle/458N8PDKEF838YF8Z,128400,94100,127700,,2026-01-11,,available,Overflow Lot,WA,209,Tom O'Malley,tomalley@dealership.com,Porsche Certified,24,2,True,True,False,708,Minor door ding rear passenger side,,Remote Start; Premium Audio; Backup Camera; Wireless Charging; Apple CarPlay; Adaptive Cruise Control; Heated Seats,"2026 Porsche Cayenne GT - suv in red, well-maintained with 11,839 miles."
44,GZM20BRPFP6MN43W2,STK20260044,Tesla,Model Y,Trail,2026,suv,Gray,Beige,Tri Motor Electric,1-Speed Direct Drive,FWD,electric,33663,,,253,certified_pre_owned,clean,2,1,https://www.carfax.com/vehicle/R3BAJDM6FC89M960R,48300,33900,45300,,2026-02-25,,available,Main Lot - B,CO,164,James Whitfield,jwhitfield@dealership.com,Tesla Certified,24,2,True,True,False,197,Minor door ding rear passenger side,,Remote Start; Panoramic Roof; Backup Camera,"2026 Tesla Model Y Trail - suv in dark green, well-maintained with 33,663 miles."
45,NRJSHJC1ZCMU9WV44,STK20260045,Dodge,Challenger,SL,2022,coupe,Dark Green,Brown,Single Motor Electric,1-Speed Direct Drive,FWD,electric,51292,,,268,used,clean,0,1,https://www.carfax.com/vehicle/Z7VHKP5BVUV9E8R8F,39000,11000,13400,,2026-03-07,,pending,Main Lot - B,FL,154,Aisha Bello,abello@dealership.com,,0,2,True,True,True,702,Light wear on wheel rims,Small stain on rear seat,Keyless Entry; Navigation System; Leather Seats; Tow Package; Android Auto; Heated Steering Wheel,"2022 Dodge Challenger SL - coupe in dark green, well-maintained with 51,292 miles."
46,VSFPXZPP6ZBSJNM3L,STK20260046,Mercedes-Benz,E-Class,GT,2022,sedan,Beige,Off-White,3.5L V6,9-Speed Automatic,4WD,gas,50265,28,40,,used,clean,1,1,https://www.carfax.com/vehicle/Z9HK12L1WCR7PSUNB,72200,21800,25700,25700,2026-08-04,2026-08-04,sold,Main Lot - B,TX,0,Priya Nair,pnair@dealership.com,,6,2,False,True,False,539,,,Heated Seats; Adaptive Cruise Control; 360 Camera; Premium Audio; Ventilated Seats; Apple CarPlay; Blind Spot Monitor,"2022 Mercedes-Benz E-Class GT - sedan in orange, well-maintained with 50,265 miles."
47,FV85YZJPA22A7YWAJ,STK20260047,Toyota,Corolla,Trail,2023,sedan,Red,Off-White,1.5L I4 Turbo,6-Speed Manual,FWD,gas,21154,24,29,,certified_pre_owned,clean,0,1,https://www.carfax.com/vehicle/8YPNMJSZ4PDTY4NYX,43300,19700,23100,22300,2026-03-31,2026-07-08,sold,North Lot,TX,99,,,Toyota Certified,24,2,True,True,False,658,Windshield chip (non-obstructive),Light wear on driver seat,Navigation System; Leather Seats; Adaptive Cruise Control; Backup Camera,"2023 Toyota Corolla Trail - sedan in blue, well-maintained with 21,154 miles."
48,S10V786YHH5P6NWSD,STK20260048,Subaru,Impreza,Trail,2022,sedan,White,Off-White,Tri Motor Electric,1-Speed Direct Drive,4WD,electric,48083,,,232,used,clean,0,1,https://www.carfax.com/vehicle/W8C6T5NKB5EGPV6SL,34900,10200,12700,,2026-05-24,,pending,Main Lot - B,TX,76,Maria Gonzalez,mgonzalez@dealership.com,,0,2,True,False,False,323,,,Lane Keep Assist; Adaptive Cruise Control; Android Auto; 360 Camera; Wireless Charging,"2022 Subaru Impreza Trail - sedan in yellow, well-maintained with 48,083 miles."
49,F4KK1WM69M6MG87PH,STK20260049,Honda,Civic,SE,2019,sedan,Matte Gray,Beige,2.0L I4 Turbo,6-Speed Manual,FWD,gas,85365,26,35,,used,clean,0,1,https://www.carfax.com/vehicle/GATE03NY2XWBD4BDR,25500,7200,9000,,2026-04-07,,available,Main Lot - A,IL,123,Derek Chan,dchan@dealership.com,,6,2,True,True,False,648,Small scratch on bumper,,Backup Camera; Third Row Seating; Wireless Charging; Premium Audio; Adaptive Cruise Control; Leather Seats; Sunroof; Blind Spot Monitor,"2019 Honda Civic SE - sedan in white, well-maintained with 85,365 miles."
50,ECT0DJH9KSDFBK3L1,STK20260050,Hyundai,Sonata,SE,2025,sedan,Black,Black,1.5L I4 Turbo,9-Speed Automatic,FWD,gas,11316,31,43,,used,clean,0,1,https://www.carfax.com/vehicle/AEYL68J1NMDPS4ZSP,27700,19700,23400,,2026-01-20,,available,Main Lot - B,TX,200,Lena Kowalski,lkowalski@dealership.com,,0,2,True,True,True,936,,,Keyless Entry; Remote Start; Third Row Seating; Backup Camera; Lane Keep Assist; Wireless Charging; Sunroof; Ventilated Seats,"2025 Hyundai Sonata SE - sedan in orange, well-maintained with 11,316 miles."
51,A7TSTF1LLKTVN3CRV,STK20260051,GMC,Yukon,GT,2024,suv,Black,Tan,1.5L I4 Turbo,10-Speed Automatic,4WD,gas,29413,32,37,,used,clean,0,3,https://www.carfax.com/vehicle/RDTYDPVACWXLTGZ8M,67000,32900,43100,,2026-06-02,,available,Main Lot - A,FL,67,Tom O'Malley,tomalley@dealership.com,,6,2,True,False,False,617,,Small stain on rear seat,Third Row Seating; Keyless Entry; Premium Audio; Tow Package; Apple CarPlay; Ventilated Seats; Panoramic Roof; Navigation System,"2024 GMC Yukon GT - suv in beige, well-maintained with 29,413 miles."
52,2RY8ETUB74ST7FW1E,STK20260052,Nissan,Frontier,Sport,2025,truck,Dark Green,Off-White,Dual Motor Electric,1-Speed Direct Drive,AWD,electric,11856,,,235,used,clean,0,1,https://www.carfax.com/vehicle/W6TN972K89REP01K0,36000,22600,29000,,2026-02-05,,available,North Lot,FL,184,Tom O'Malley,tomalley@dealership.com,,3,2,True,False,False,706,Small scratch on bumper,Small stain on rear seat,Blind Spot Monitor; Remote Start; Heated Seats; Ventilated Seats; Sunroof; Panoramic Roof; Wireless Charging; Lane Keep Assist; Adaptive Cruise Control,"2025 Nissan Frontier Sport - truck in blue, well-maintained with 11,856 miles."
53,3D5151VH23KY7N89L,STK20260053,Tesla,Model Y,SL,2021,suv,Burgundy,Black,Tri Motor Electric,1-Speed Direct Drive,4WD,electric,59776,,,265,used,clean,0,1,https://www.carfax.com/vehicle/AJX25470Y1VW28KFZ,73400,22300,26200,26300,2026-04-21,2026-06-03,sold,Main Lot - B,NY,43,Maria Gonzalez,mgonzalez@dealership.com,,0,3,True,True,True,288,Light wear on wheel rims,,Apple CarPlay; Sunroof; Adaptive Cruise Control; Blind Spot Monitor; Wireless Charging,"2021 Tesla Model Y SL - suv in burgundy, well-maintained with 59,776 miles."
54,LK8XSV1YDMHY7JB6N,STK20260054,Subaru,Forester,Denali,2024,suv,Black,Tan,2.0L I4 PHEV,10-Speed Automatic,AWD,plug-in hybrid,23887,28,38,,used,clean,0,2,https://www.carfax.com/vehicle/J0AU2TTTKYLCD92UX,34000,19100,23200,22600,2026-05-22,2026-05-27,sold,Main Lot - B,FL,5,Tom O'Malley,tomalley@dealership.com,,0,2,True,True,False,722,Minor door ding rear passenger side,Small stain on rear seat,360 Camera; Tow Package; Leather Seats; Premium Audio; Third Row Seating; Panoramic Roof; Heated Seats,"2024 Subaru Forester Denali - suv in matte gray, well-maintained with 23,887 miles."
55,1W0C7D2KC2RPYSUEN,STK20260055,Mazda,Mazda3,Sport,2026,sedan,Burgundy,Gray,1.5L I4 Turbo,8-Speed Automatic,RWD,gas,35,29,35,,new,clean,0,0,,34900,31000,35200,,2026-06-02,,available,Main Lot - B,IL,67,Lena Kowalski,lkowalski@dealership.com,,60,2,True,False,False,147,,,Remote Start; Backup Camera; Tow Package; Heated Seats; Wireless Charging; Heated Steering Wheel,"2026 Mazda Mazda3 Sport - sedan in black, brand new with 35 miles."
56,DX6LRXLWVNLRAJH1R,STK20260056,Honda,Civic,XLE,2020,sedan,Blue,Beige,1.8L I4 Hybrid,CVT,RWD,hybrid,27968,28,36,,certified_pre_owned,clean,0,1,https://www.carfax.com/vehicle/ZLSR2TDYCK46G1X16,30800,9000,11000,,2026-06-12,,available,Overflow Lot,CA,57,Maria Gonzalez,mgonzalez@dealership.com,Honda Certified,36,3,False,False,False,40,,Light wear on driver seat,Leather Seats; Navigation System; Heated Seats; Blind Spot Monitor; Keyless Entry; Android Auto; Panoramic Roof; Heated Steering Wheel,"2020 Honda Civic XLE - sedan in burgundy, well-maintained with 27,968 miles."
57,JHZU3N76BYD8XK1WV,STK20260057,Subaru,Legacy,Premium,2019,sedan,Dark Green,Off-White,1.8L I4,9-Speed Automatic,AWD,gas,87581,21,27,,used,clean,1,2,https://www.carfax.com/vehicle/NW6CJ9HP3M36A6RHT,27000,7700,9000,,2026-08-05,,available,North Lot,FL,3,Priya Nair,pnair@dealership.com,,0,2,True,True,False,737,Minor door ding rear passenger side,,Apple CarPlay; Keyless Entry; Premium Audio; Sunroof; Third Row Seating; Tow Package; Wireless Charging,"2019 Subaru Legacy Premium - sedan in black, well-maintained with 87,581 miles."
58,W34GYJ0MRWHNDG5TP,STK20260058,Jeep,Compass,SE,2021,suv,Silver,Brown,2.0L I4 Hybrid,8-Speed Automatic,RWD,hybrid,57272,21,32,,used,clean,0,1,https://www.carfax.com/vehicle/DSXB2TDSEW462YUNB,28200,8200,9600,,2026-07-28,,available,Overflow Lot,CO,11,Priya Nair,pnair@dealership.com,,6,2,False,True,False,826,,,Adaptive Cruise Control; Leather Seats; Blind Spot Monitor; Panoramic Roof; Keyless Entry; Ventilated Seats; Third Row Seating; Wireless Charging,"2021 Jeep Compass SE - suv in matte gray, well-maintained with 57,272 miles."
59,P2SNVJLM015Y1R0FH,STK20260059,Volvo,XC60,XLE,2020,suv,Dark Green,Gray,3.0L V6 Turbodiesel,CVT,4WD,diesel,72365,24,32,,used,clean,0,2,https://www.carfax.com/vehicle/3XZBNX34SWCJNX07P,48700,12800,17800,,2026-03-27,,available,Overflow Lot,IL,134,Derek Chan,dchan@dealership.com,,0,3,True,True,False,452,Minor door ding rear passenger side,Small stain on rear seat,Wireless Charging; Navigation System; Heated Steering Wheel; Ventilated Seats; Premium Audio; Adaptive Cruise Control; Apple CarPlay; Remote Start,"2020 Volvo XC60 XLE - suv in white, well-maintained with 72,365 miles."
60,VJPDCK83853VZ8V21,STK20260060,Mercedes-Benz,A-Class,SEL,2022,sedan,Beige,Off-White,1.5L I4 Turbo,CVT,RWD,gas,41819,32,43,,used,clean,0,2,https://www.carfax.com/vehicle/SWADCX9ZHL8UA4JDZ,77400,23800,26100,,2026-04-27,,available,North Lot,TX,103,Maria Gonzalez,mgonzalez@dealership.com,,6,3,True,True,False,226,Light wear on wheel rims,,360 Camera; Wireless Charging; Premium Audio; Heated Steering Wheel; Navigation System; Heated Seats; Adaptive Cruise Control; Panoramic Roof; Third Row Seating,"2022 Mercedes-Benz A-Class SEL - sedan in orange, well-maintained with 41,819 miles."
61,HWB3SUTNZF90SZAGW,STK20260061,Subaru,Forester,XLE,2023,suv,Blue,Gray,2.0L I4 Turbo,CVT,RWD,gas,35589,22,33,,used,clean,2,2,https://www.carfax.com/vehicle/XJVHSXNTG0N5KFEWH,28400,12000,14800,,2026-01-20,,available,Main Lot - A,IL,200,,,,0,2,False,True,False,822,,Light wear on driver seat,Remote Start; Keyless Entry; Navigation System; Wireless Charging; Android Auto; Tow Package; 360 Camera,"2023 Subaru Forester XLE - suv in matte gray, well-maintained with 35,589 miles."
62,7JAE58GWYF2MZT16N,STK20260062,Tesla,Model X,SE,2026,suv,Red,Tan,Tri Motor Electric,1-Speed Direct Drive,AWD,electric,12,,,291,new,clean,0,0,,79100,68900,79700,,2026-04-28,,available,Main Lot - B,NY,102,James Whitfield,jwhitfield@dealership.com,,36,2,False,False,False,417,,,Navigation System; Keyless Entry; Heated Seats; Panoramic Roof; Remote Start; Apple CarPlay; Android Auto; Ventilated Seats; Heated Steering Wheel,"2026 Tesla Model X SE - suv in black, brand new with 12 miles."
63,C7NH1REUFBM75S57V,STK20260063,Ford,Escape,Platinum,2021,suv,Silver,Off-White,3.5L V6,CVT,4WD,gas,59189,22,29,,used,clean,1,2,https://www.carfax.com/vehicle/UWS15RYU6SHCLPFAU,41600,11300,13900,,2026-02-19,,pending,Main Lot - B,WA,170,Tom O'Malley,tomalley@dealership.com,,0,2,False,False,True,947,,,360 Camera; Sunroof; Backup Camera; Tow Package; Leather Seats; Wireless Charging,"2021 Ford Escape Platinum - suv in beige, well-maintained with 59,189 miles."
64,XJXGABUGDJ00HETML,STK20260064,GMC,Acadia,GT,2026,suv,Beige,Gray,2.5L I4,10-Speed Automatic,4WD,gas,23152,19,31,,certified_pre_owned,clean,0,1,https://www.carfax.com/vehicle/S3L48B2CSG434E2J2,65500,48700,59300,,2026-02-23,,pending,Downtown Annex,FL,166,Lena Kowalski,lkowalski@dealership.com,GMC Certified,36,1,True,True,False,99,Light wear on wheel rims,Light wear on driver seat,360 Camera; Navigation System; Ventilated Seats; Blind Spot Monitor; Leather Seats; Keyless Entry; Panoramic Roof; Apple CarPlay,"2026 GMC Acadia GT - suv in burgundy, well-maintained with 23,152 miles."
65,79XBY03EH9313RGZM,STK20260065,Mercedes-Benz,GLE,Sport,2020,suv,Silver,Gray,3.0L I6 Turbo,8-Speed Automatic,FWD,gas,75050,19,29,,used,clean,0,1,https://www.carfax.com/vehicle/6TRK0GGM1K47VCFKJ,56900,16600,19400,18400,2026-02-18,2026-07-11,sold,North Lot,GA,143,Aisha Bello,abello@dealership.com,,0,1,False,False,False,22,,,Keyless Entry; Apple CarPlay; Premium Audio; Leather Seats; Third Row Seating; Lane Keep Assist; Heated Steering Wheel,"2020 Mercedes-Benz GLE Sport - suv in orange, well-maintained with 75,050 miles."
66,U0JNWC7GT6C3CV7PN,STK20260066,Nissan,Pathfinder,Trail,2023,suv,Matte Gray,Black,5.0L V8,6-Speed Manual,RWD,gas,45638,28,40,,used,clean,0,3,https://www.carfax.com/vehicle/4JBCL88D0UGUJXF1P,34300,12400,16200,,2026-03-27,,available,Main Lot - A,WA,134,Priya Nair,pnair@dealership.com,,0,2,False,True,False,187,,,Sunroof; Wireless Charging; Tow Package,"2023 Nissan Pathfinder Trail - suv in burgundy, well-maintained with 45,638 miles."
67,HL2847TVVDSFJ6JJK,STK20260067,Audi,A6,SEL,2024,sedan,Orange,Tan,2.5L I4,CVT,AWD,gas,28052,22,30,,used,clean,0,2,https://www.carfax.com/vehicle/VHCLST604DYB3N27M,73800,38300,49200,48500,2026-05-17,2026-05-28,sold,Downtown Annex,CO,11,Aisha Bello,abello@dealership.com,,3,1,True,False,False,619,,,Sunroof; Adaptive Cruise Control; Backup Camera; Lane Keep Assist; Apple CarPlay; Panoramic Roof; Keyless Entry; 360 Camera,"2024 Audi A6 SEL - sedan in white, well-maintained with 28,052 miles."
68,V9UHJRZWDPNGMY2FM,STK20260068,Audi,A4,Denali,2022,sedan,Beige,Brown,1.5L I4 Turbo,6-Speed Manual,4WD,gas,44733,28,36,,used,clean,0,1,https://www.carfax.com/vehicle/EB3GN25DB8754AZDR,70100,20200,23600,,2026-01-18,,available,Main Lot - A,WA,202,Maria Gonzalez,mgonzalez@dealership.com,,0,2,True,True,False,771,,,Apple CarPlay; Heated Steering Wheel; Keyless Entry; Blind Spot Monitor; 360 Camera; Lane Keep Assist,"2022 Audi A4 Denali - sedan in red, well-maintained with 44,733 miles."
69,SWCG8V0B7LT1AZMK9,STK20260069,Dodge,Durango,Platinum,2024,suv,Burgundy,Gray,5.0L V8,9-Speed Automatic,FWD,gas,22588,32,42,,used,clean,1,1,https://www.carfax.com/vehicle/3X563AVKF6YCN8XXH,36400,18300,23600,,2026-05-30,,pending,Main Lot - B,NY,70,Lena Kowalski,lkowalski@dealership.com,,0,2,True,False,False,558,,,Tow Package; Third Row Seating; Heated Steering Wheel; Lane Keep Assist; Heated Seats,"2024 Dodge Durango Platinum - suv in silver, well-maintained with 22,588 miles."
70,WXWHAC2E4SYGNSFHP,STK20260070,Mercedes-Benz,E-Class,Denali,2023,sedan,White,Gray,1.8L I4 Hybrid,10-Speed Automatic,4WD,hybrid,28250,18,27,,certified_pre_owned,clean,1,1,https://www.carfax.com/vehicle/8HZGGF8RXZ56R2X40,94800,42900,47400,45400,2026-06-28,2026-07-04,sold,Downtown Annex,CA,6,Priya Nair,pnair@dealership.com,Mercedes-Benz Certified,24,3,True,True,False,901,,Light wear on driver seat,Navigation System; Apple CarPlay; Blind Spot Monitor; Heated Seats; Wireless Charging; Leather Seats,"2023 Mercedes-Benz E-Class Denali - sedan in white, well-maintained with 28,250 miles."
71,6CLY0F1D0XC009XFV,STK20260071,Jeep,Gladiator,Base,2020,truck,White,Beige,3.5L V6,6-Speed Manual,AWD,gas,66825,25,33,,used,clean,2,1,https://www.carfax.com/vehicle/7VYE5F0PL2RXDEGXJ,48700,13400,16500,,2026-07-25,,available,Downtown Annex,GA,14,,,,6,2,True,False,False,246,,,Wireless Charging; 360 Camera; Apple CarPlay; Tow Package; Ventilated Seats; Android Auto; Third Row Seating; Backup Camera; Leather Seats,"2020 Jeep Gladiator Base - truck in gray, well-maintained with 66,825 miles."
72,7DKNNCRVKEZKUUZXD,STK20260072,Volvo,S60,SEL,2019,sedan,Matte Gray,Off-White,2.0L I4 Turbo,9-Speed Automatic,AWD,gas,88425,27,37,,used,clean,0,1,https://www.carfax.com/vehicle/UC0W30R4JVX7XT1T3,58100,16700,21500,,2026-07-01,,available,Overflow Lot,FL,38,Maria Gonzalez,mgonzalez@dealership.com,,0,2,True,True,True,479,,,Android Auto; Heated Steering Wheel; Adaptive Cruise Control; Wireless Charging; Panoramic Roof; Premium Audio,"2019 Volvo S60 SEL - sedan in yellow, well-maintained with 88,425 miles."
73,YSX6UM2P14K0LUGZ3,STK20260073,Chevrolet,Suburban,Premium,2023,suv,Blue,Black,2.5L I4,9-Speed Automatic,RWD,gas,35173,30,35,,certified_pre_owned,clean,0,2,https://www.carfax.com/vehicle/8KB9X4VNW510LBPTH,26500,10200,12900,12300,2026-05-21,2026-05-30,sold,Downtown Annex,IL,9,Derek Chan,dchan@dealership.com,GM Certified,36,2,True,True,True,806,,,Remote Start; Heated Steering Wheel; Keyless Entry; 360 Camera,"2023 Chevrolet Suburban Premium - suv in white, well-maintained with 35,173 miles."
74,YGGKU2ZJFD8VDUVJ8,STK20260074,Mercedes-Benz,C-Class,Sport,2019,sedan,Red,Brown,2.5L I4 PHEV,CVT,RWD,plug-in hybrid,85913,30,39,,used,clean,0,1,https://www.carfax.com/vehicle/JCXMRESZDBRFWW40X,83200,22200,31400,,2026-07-05,,available,North Lot,WA,34,James Whitfield,jwhitfield@dealership.com,,0,2,True,True,False,98,,Light wear on driver seat,Sunroof; Heated Seats; Lane Keep Assist; Adaptive Cruise Control; Backup Camera; 360 Camera,"2019 Mercedes-Benz C-Class Sport - sedan in matte gray, well-maintained with 85,913 miles."
75,KMVTP0DVCKSWHJFSC,STK20260075,Volkswagen,Jetta,GT,2019,sedan,Gray,Off-White,2.0L I4 Turbo,10-Speed Automatic,RWD,gas,82698,31,38,,used,rebuilt,0,3,https://www.carfax.com/vehicle/W2R2UHYC7VTWSV4F8,41200,12000,15400,,2026-02-09,,available,Main Lot - A,TX,180,Derek Chan,dchan@dealership.com,,0,3,False,True,False,679,,Small stain on rear seat,Premium Audio; Keyless Entry; Panoramic Roof,"2019 Volkswagen Jetta GT - sedan in white, well-maintained with 82,698 miles."
76,04M55H0PLNNUYSGN7,STK20260076,Ford,Escape,GT,2024,suv,Dark Green,Beige,2.0L I4 Turbo,6-Speed Manual,AWD,gas,8012,18,23,,certified_pre_owned,clean,1,2,https://www.carfax.com/vehicle/K5EAYE6Y9EE356Z7X,40600,23900,28300,,2026-05-18,,pending,Downtown Annex,CO,82,Lena Kowalski,lkowalski@dealership.com,Ford Blue Advantage,12,3,False,True,False,193,,,Tow Package; Apple CarPlay; Adaptive Cruise Control; Sunroof; Premium Audio; Panoramic Roof; Navigation System,"2024 Ford Escape GT - suv in dark green, well-maintained with 8,012 miles."
77,STS1P83KB710VCSFB,STK20260077,Porsche,Cayenne,SL,2019,suv,Red,Off-White,1.5L I4 Turbo,8-Speed Automatic,4WD,gas,79885,30,35,,used,clean,0,3,https://www.carfax.com/vehicle/XKCT5KEK5ADFWER3J,111700,29900,39600,,2026-07-02,,pending,Main Lot - B,GA,37,Aisha Bello,abello@dealership.com,,0,2,True,True,False,151,,,Leather Seats; 360 Camera; Adaptive Cruise Control; Sunroof; Remote Start; Navigation System,"2019 Porsche Cayenne SL - suv in orange, well-maintained with 79,885 miles."
78,NLU8DUM4XYJJ3JWSZ,STK20260078,Tesla,Model X,Touring,2020,suv,Gray,Off-White,Single Motor Electric,1-Speed Direct Drive,RWD,electric,71955,,,277,used,clean,0,1,https://www.carfax.com/vehicle/Z2UZ9LAACPUZM0JBX,68500,20600,23000,,2026-01-10,,available,Main Lot - A,FL,210,Aisha Bello,abello@dealership.com,,6,3,True,False,False,91,Small scratch on bumper,Small stain on rear seat,Tow Package; Keyless Entry; Navigation System; Apple CarPlay; Ventilated Seats; Backup Camera; Lane Keep Assist; Heated Steering Wheel,"2020 Tesla Model X Touring - suv in orange, well-maintained with 71,955 miles."
79,C9GNYDURXDRJBC12A,STK20260079,Tesla,Model X,Limited,2024,suv,Beige,Beige,Tri Motor Electric,1-Speed Direct Drive,FWD,electric,20075,,,276,certified_pre_owned,clean,0,1,https://www.carfax.com/vehicle/YABNFLNA02SP13CHN,71600,41900,47500,,2026-02-18,,available,Downtown Annex,TX,171,James Whitfield,jwhitfield@dealership.com,Tesla Certified,12,3,True,True,False,413,,Light wear on driver seat,Navigation System; Heated Steering Wheel; Android Auto,"2024 Tesla Model X Limited - suv in white, well-maintained with 20,075 miles."
80,B2BD3ZSZ5EW7BEYS7,STK20260080,Ford,Explorer,SE,2021,suv,White,Beige,3.5L V6,10-Speed Automatic,AWD,gas,60598,18,28,,used,clean,0,1,https://www.carfax.com/vehicle/0EFBL3SFW3DT3H3R3,52800,16000,19100,,2026-07-17,,available,Downtown Annex,WA,22,Maria Gonzalez,mgonzalez@dealership.com,,6,1,True,True,False,815,Small scratch on bumper,Small stain on rear seat,Leather Seats; 360 Camera; Adaptive Cruise Control; Keyless Entry; Panoramic Roof; Backup Camera,"2021 Ford Explorer SE - suv in gray, well-maintained with 60,598 miles."
81,P7XBFT8X2MAHDUDM2,STK20260081,Honda,Odyssey,LE,2024,van,Burgundy,Brown,1.8L I4,6-Speed Manual,RWD,gas,18252,22,34,,used,clean,1,1,https://www.carfax.com/vehicle/H2YKG3Z8SFZBYKRM3,36200,20200,24800,23400,2026-07-28,2026-07-29,sold,Downtown Annex,CA,1,,,,0,1,True,False,False,807,Minor door ding rear passenger side,,Wireless Charging; Adaptive Cruise Control; Ventilated Seats; Keyless Entry; Apple CarPlay; Heated Seats; Leather Seats; Remote Start,"2024 Honda Odyssey LE - van in white, well-maintained with 18,252 miles."
82,9GEZBE5SFM6W3YXF9,STK20260082,GMC,Sierra 1500,SEL,2025,truck,Gray,Black,3.5L V6,10-Speed Automatic,AWD,gas,37151,21,31,,certified_pre_owned,clean,0,1,https://www.carfax.com/vehicle/PU5HSSAR5JRH7876P,40700,23200,29800,,2026-04-24,,available,Main Lot - A,CA,106,,,GMC Certified,12,2,True,True,False,493,Minor door ding rear passenger side,,Panoramic Roof; Android Auto; Tow Package; Premium Audio; Apple CarPlay; Third Row Seating; Lane Keep Assist,"2025 GMC Sierra 1500 SEL - truck in matte gray, well-maintained with 37,151 miles."
83,2C61B8Z6DNXNFVC0G,STK20260083,Chevrolet,Tahoe,XLE,2019,suv,Blue,Beige,2.5L I4,10-Speed Automatic,FWD,gas,90469,22,30,,used,clean,0,1,https://www.carfax.com/vehicle/UY115012L6TPBNRT4,26700,7800,9000,,2026-03-14,,available,Downtown Annex,IL,147,Priya Nair,pnair@dealership.com,,0,2,True,False,False,831,,,Backup Camera; Leather Seats; Tow Package; Remote Start; Sunroof; Apple CarPlay; Blind Spot Monitor; 360 Camera,"2019 Chevrolet Tahoe XLE - suv in black, well-maintained with 90,469 miles."
84,PMYLWZ4RLE3FJS92B,STK20260084,Mercedes-Benz,GLE,SE,2025,suv,Blue,Gray,1.5L I4 Turbo,8-Speed Automatic,RWD,gas,12506,31,41,,used,clean,2,1,https://www.carfax.com/vehicle/SF70K94ZYFHBLEJGV,58100,40400,48800,49600,2026-03-27,2026-08-03,sold,Main Lot - A,WA,129,Priya Nair,pnair@dealership.com,,3,2,True,True,False,169,,,Backup Camera; Adaptive Cruise Control; Blind Spot Monitor; Leather Seats; Heated Steering Wheel; Ventilated Seats; Tow Package; Heated Seats,"2025 Mercedes-Benz GLE SE - suv in burgundy, well-maintained with 12,506 miles."
85,LP4RDBYWH7KAURZCT,STK20260085,Hyundai,Elantra,GT,2026,sedan,Gray,Tan,3.5L V6,CVT,RWD,gas,12,20,26,,new,clean,0,0,,22100,19900,22700,,2026-02-08,,available,North Lot,CA,181,Aisha Bello,abello@dealership.com,,60,2,False,True,False,440,,,Apple CarPlay; Wireless Charging; Panoramic Roof; Remote Start; Heated Seats; Premium Audio; Third Row Seating; Backup Camera,"2026 Hyundai Elantra GT - sedan in blue, brand new with 12 miles."
86,7WNAYKFSV7G4KT4KW,STK20260086,Audi,A6,Limited,2026,sedan,Beige,Brown,2.0L I4 PHEV,10-Speed Automatic,4WD,plug-in hybrid,8,23,29,,new,clean,0,0,,69700,61300,69800,,2026-02-02,,available,Downtown Annex,FL,187,Lena Kowalski,lkowalski@dealership.com,,60,1,True,True,False,658,,,Leather Seats; Apple CarPlay; Blind Spot Monitor; Adaptive Cruise Control; Keyless Entry; Ventilated Seats; Navigation System,"2026 Audi A6 Limited - sedan in yellow, brand new with 8 miles."
87,5EFJP7MKU7T2GD1U5,STK20260087,GMC,Sierra 1500,LE,2022,truck,Yellow,Gray,Dual Motor Electric,1-Speed Direct Drive,FWD,electric,46859,,,279,used,clean,0,2,https://www.carfax.com/vehicle/J0MUMEEK2P7FHT43V,54800,15300,19400,,2026-06-02,,available,Overflow Lot,TX,67,James Whitfield,jwhitfield@dealership.com,,6,2,False,True,True,137,,Light wear on driver seat,Wireless Charging; Sunroof; Apple CarPlay; Remote Start,"2022 GMC Sierra 1500 LE - truck in white, well-maintained with 46,859 miles."
88,6BKADEWWGZAE1KWM5,STK20260088,GMC,Acadia,Touring,2022,suv,Matte Gray,Brown,2.8L I4 Turbodiesel,10-Speed Automatic,AWD,diesel,45228,25,31,,used,clean,0,1,https://www.carfax.com/vehicle/HVDWAHGK6U9DHT0NW,33100,9900,11400,11300,2026-07-02,2026-07-20,sold,Downtown Annex,TX,18,James Whitfield,jwhitfield@dealership.com,,3,2,True,True,False,529,,,Heated Seats; Sunroof; Lane Keep Assist; Wireless Charging,"2022 GMC Acadia Touring - suv in gray, well-maintained with 45,228 miles."
89,DPZ916FNGG4PHRT22,STK20260089,Mazda,Mazda3,Denali,2021,sedan,Orange,Gray,3.0L I6 Turbo,8-Speed Automatic,FWD,gas,64454,28,34,,used,clean,1,1,https://www.carfax.com/vehicle/138MZ89TESETH8A14,27900,7500,9700,,2026-05-20,,available,Downtown Annex,CA,80,Lena Kowalski,lkowalski@dealership.com,,0,2,False,False,False,159,,Small stain on rear seat,Premium Audio; Android Auto; Backup Camera; Keyless Entry; Heated Seats; Blind Spot Monitor; Third Row Seating; Navigation System,"2021 Mazda Mazda3 Denali - sedan in red, well-maintained with 64,454 miles."
90,TE0TDZYZVS5TNT9XM,STK20260090,Porsche,911,GT,2025,coupe,Red,Gray,3.5L V6,10-Speed Automatic,AWD,gas,42075,29,36,,certified_pre_owned,clean,2,1,https://www.carfax.com/vehicle/CWEN3W2XNR9PBJHLC,109000,64700,78200,,2026-03-22,,available,Main Lot - A,IL,139,Lena Kowalski,lkowalski@dealership.com,Porsche Certified,24,1,True,True,True,336,Windshield chip (non-obstructive),Small stain on rear seat,Panoramic Roof; Sunroof; Wireless Charging; Android Auto; Adaptive Cruise Control; Heated Steering Wheel,"2025 Porsche 911 GT - coupe in white, well-maintained with 42,075 miles."
91,B9PH1D4DMC3SG3YK3,STK20260091,Volkswagen,Passat,SEL,2020,sedan,Dark Green,Off-White,2.5L I4,6-Speed Manual,4WD,gas,77111,22,31,,used,clean,0,2,https://www.carfax.com/vehicle/UGPXR2FA05WH81S7U,30400,8100,10700,,2026-06-16,,pending,Overflow Lot,CO,53,Derek Chan,dchan@dealership.com,,0,3,True,False,False,476,Windshield chip (non-obstructive),Small stain on rear seat,Keyless Entry; Leather Seats; 360 Camera; Blind Spot Monitor,"2020 Volkswagen Passat SEL - sedan in silver, well-maintained with 77,111 miles."
92,YF58TA5CW56PMYC80,STK20260092,Jeep,Grand Cherokee,Platinum,2022,suv,Silver,Beige,3.5L V6,CVT,AWD,gas,53618,30,39,,used,clean,0,2,https://www.carfax.com/vehicle/D17U487J6HE3LWN1H,45100,12400,16200,,2026-07-09,,available,Downtown Annex,FL,30,Aisha Bello,abello@dealership.com,,6,2,True,True,False,284,,Small stain on rear seat,Sunroof; Blind Spot Monitor; Android Auto; Navigation System; Apple CarPlay; Backup Camera; Keyless Entry; Tow Package,"2022 Jeep Grand Cherokee Platinum - suv in beige, well-maintained with 53,618 miles."
93,L8M3E55N7N9JC4HG6,STK20260093,Mazda,CX-9,Denali,2026,suv,Beige,Off-White,2.5L I4 PHEV,9-Speed Automatic,4WD,plug-in hybrid,8,26,37,,new,clean,0,0,,30100,26100,29900,28800,2026-07-01,2026-07-16,sold,North Lot,CO,15,Aisha Bello,abello@dealership.com,,36,1,True,True,False,966,,,Sunroof; Third Row Seating; Navigation System,"2026 Mazda CX-9 Denali - suv in beige, brand new with 8 miles."
94,U8424Z3LS1JZ43GPG,STK20260094,GMC,Yukon,Trail,2021,suv,Dark Green,Brown,2.5L I4,9-Speed Automatic,FWD,gas,14579,20,28,,certified_pre_owned,clean,1,2,https://www.carfax.com/vehicle/H87YX69G0FPRJCN8D,45400,13200,16800,,2026-04-13,,pending,Overflow Lot,CO,117,Priya Nair,pnair@dealership.com,GMC Certified,36,2,False,True,False,211,,Small stain on rear seat,Adaptive Cruise Control; Remote Start; Leather Seats; Heated Seats,"2021 GMC Yukon Trail - suv in gray, well-maintained with 14,579 miles."
95,LH6978W1BJXKPN8VW,STK20260095,Subaru,Impreza,XLE,2019,sedan,Red,Beige,1.8L I4,CVT,RWD,gas,77225,18,23,,used,clean,0,1,https://www.carfax.com/vehicle/T75ELUEDBE5417K5X,31300,8800,10700,,2026-06-01,,available,North Lot,WA,68,,,,3,2,True,True,False,506,Minor door ding rear passenger side,Light wear on driver seat,Tow Package; Blind Spot Monitor; Heated Steering Wheel; Ventilated Seats; Navigation System; Sunroof; Panoramic Roof; Keyless Entry,"2019 Subaru Impreza XLE - sedan in silver, well-maintained with 77,225 miles."
96,UVPC2Z6AZZPW84FC4,STK20260096,Dodge,Challenger,Limited,2019,coupe,Yellow,Tan,3.5L V6,6-Speed Manual,FWD,gas,84136,27,32,,used,clean,0,1,https://www.carfax.com/vehicle/R8WA9Y8L118VGBYLB,54900,16700,18300,,2026-02-07,,available,Main Lot - A,CO,182,Priya Nair,pnair@dealership.com,,0,1,False,True,False,792,Small scratch on bumper,Light wear on driver seat,Android Auto; Lane Keep Assist; Navigation System; Blind Spot Monitor,"2019 Dodge Challenger Limited - coupe in dark green, well-maintained with 84,136 miles."
97,BMSHZFTXUKR6SEE64,STK20260097,Ford,F-150,GT,2023,truck,Burgundy,Tan,3.0L I6 Turbo,10-Speed Automatic,FWD,gas,37072,24,30,,used,clean,1,1,https://www.carfax.com/vehicle/KBCBDRDYVJJCTDYFG,36900,15300,18700,18400,2026-02-13,2026-05-09,sold,Downtown Annex,CA,85,,,,3,1,False,False,False,604,Light wear on wheel rims,,Ventilated Seats; Leather Seats; Heated Steering Wheel; Premium Audio; Android Auto; Blind Spot Monitor; Remote Start,"2023 Ford F-150 GT - truck in matte gray, well-maintained with 37,072 miles."
98,ZGASEH45UC2EPD61R,STK20260098,Volkswagen,Passat,XLE,2022,sedan,Beige,Tan,3.0L I6 Turbo,9-Speed Automatic,AWD,gas,20267,31,36,,certified_pre_owned,clean,1,1,https://www.carfax.com/vehicle/ARJK4NMD4RPTW19BP,41400,13100,17400,,2026-07-09,,available,Overflow Lot,GA,30,Lena Kowalski,lkowalski@dealership.com,Volkswagen Certified,24,2,True,False,True,593,Windshield chip (non-obstructive),,Tow Package; Adaptive Cruise Control; Leather Seats; Apple CarPlay; Lane Keep Assist; Backup Camera; Heated Seats; Sunroof,"2022 Volkswagen Passat XLE - sedan in blue, well-maintained with 20,267 miles."
99,EGWDP9LGBA6MF46BC,STK20260099,Dodge,Charger,Platinum,2022,sedan,Dark Green,Black,3.0L I6 Turbo,6-Speed Manual,FWD,gas,43391,28,40,,used,clean,2,1,https://www.carfax.com/vehicle/XDHJMMB5JEZUZ07RS,34000,10000,12000,,2026-03-31,,available,Main Lot - A,TX,130,,,,3,3,True,False,True,110,,,Premium Audio; Keyless Entry; Android Auto; Blind Spot Monitor; Adaptive Cruise Control; Heated Steering Wheel; Panoramic Roof; Sunroof,"2022 Dodge Charger Platinum - sedan in silver, well-maintained with 43,391 miles."
100,1PH3PPS53MAEA38CL,STK20260100,Chevrolet,Equinox,Touring,2021,suv,Silver,Tan,Dual Motor Electric,1-Speed Direct Drive,FWD,electric,60779,,,316,used,clean,0,2,https://www.carfax.com/vehicle/C2YY6BX0YUKPZVL17,32500,9100,12000,,2026-06-17,,available,Main Lot - A,IL,52,Tom O'Malley,tomalley@dealership.com,,0,3,True,False,False,662,Minor door ding rear passenger side,,Premium Audio; Ventilated Seats; Heated Steering Wheel; Third Row Seating; Apple CarPlay,"2021 Chevrolet Equinox Touring - suv in gray, well-maintained with 60,779 miles."